les;vierkant;bestandsnaam;titel;opgenomen
1;1;Page1-01.m4a;حروف الهجاء العربية – Het Arabische alfabet;ja
1;2;Page1-02.m4a;حروف الهجاء العربية – Het Arabische alfabet;ja
1;3;Page1-03.m4a;حروف الهجاء العربية – Het Arabische alfabet;ja
1;4;Page1-04.m4a;حروف الهجاء العربية – Het Arabische alfabet;ja
1;5;Page1-05.m4a;حروف الهجاء العربية – Het Arabische alfabet;ja
1;6;Page1-06.m4a;حروف الهجاء العربية – Het Arabische alfabet;
1;7;Page1-07.m4a;حروف الهجاء العربية – Het Arabische alfabet;
1;8;Page1-08.m4a;حروف الهجاء العربية – Het Arabische alfabet;
1;9;Page1-09.m4a;حروف الهجاء العربية – Het Arabische alfabet;
1;10;Page1-10.m4a;حروف الهجاء العربية – Het Arabische alfabet;
1;11;Page1-11.m4a;حروف الهجاء العربية – Het Arabische alfabet;
1;12;Page1-12.m4a;حروف الهجاء العربية – Het Arabische alfabet;
1;13;Page1-13.m4a;حروف الهجاء العربية – Het Arabische alfabet;
1;14;Page1-14.m4a;حروف الهجاء العربية – Het Arabische alfabet;
1;15;Page1-15.m4a;حروف الهجاء العربية – Het Arabische alfabet;
1;16;Page1-16.m4a;حروف الهجاء العربية – Het Arabische alfabet;
1;17;Page1-17.m4a;حروف الهجاء العربية – Het Arabische alfabet;
1;18;Page1-18.m4a;حروف الهجاء العربية – Het Arabische alfabet;
1;19;Page1-19.m4a;حروف الهجاء العربية – Het Arabische alfabet;
1;20;Page1-20.m4a;حروف الهجاء العربية – Het Arabische alfabet;
1;21;Page1-21.m4a;حروف الهجاء العربية – Het Arabische alfabet;
1;22;Page1-22.m4a;حروف الهجاء العربية – Het Arabische alfabet;
1;23;Page1-23.m4a;حروف الهجاء العربية – Het Arabische alfabet;
1;24;Page1-24.m4a;حروف الهجاء العربية – Het Arabische alfabet;
1;25;Page1-25.m4a;حروف الهجاء العربية – Het Arabische alfabet;
1;26;Page1-26.m4a;حروف الهجاء العربية – Het Arabische alfabet;
1;27;Page1-27.m4a;حروف الهجاء العربية – Het Arabische alfabet;
1;28;Page1-28.m4a;حروف الهجاء العربية – Het Arabische alfabet;
1;29;Page1-29.m4a;حروف الهجاء العربية – Het Arabische alfabet;
1;30;Page1-30.m4a;حروف الهجاء العربية – Het Arabische alfabet;
1;31;Page1-31.m4a;حروف الهجاء العربية – Het Arabische alfabet;
1;32;Page1-32.m4a;حروف الهجاء العربية – Het Arabische alfabet;
2;1;Page2-01.m4a;شكل الحروف في أول الكلمة – Letters aan het begin van een woord;
2;2;Page2-02.m4a;شكل الحروف في أول الكلمة – Letters aan het begin van een woord;
2;3;Page2-03.m4a;شكل الحروف في أول الكلمة – Letters aan het begin van een woord;
2;4;Page2-04.m4a;شكل الحروف في أول الكلمة – Letters aan het begin van een woord;
2;5;Page2-05.m4a;شكل الحروف في أول الكلمة – Letters aan het begin van een woord;
2;6;Page2-06.m4a;شكل الحروف في أول الكلمة – Letters aan het begin van een woord;
2;7;Page2-07.m4a;شكل الحروف في أول الكلمة – Letters aan het begin van een woord;
2;8;Page2-08.m4a;شكل الحروف في أول الكلمة – Letters aan het begin van een woord;
2;9;Page2-09.m4a;شكل الحروف في أول الكلمة – Letters aan het begin van een woord;
2;10;Page2-10.m4a;شكل الحروف في أول الكلمة – Letters aan het begin van een woord;
2;11;Page2-11.m4a;شكل الحروف في أول الكلمة – Letters aan het begin van een woord;
2;12;Page2-12.m4a;شكل الحروف في أول الكلمة – Letters aan het begin van een woord;
2;13;Page2-13.m4a;شكل الحروف في أول الكلمة – Letters aan het begin van een woord;
2;14;Page2-14.m4a;شكل الحروف في أول الكلمة – Letters aan het begin van een woord;
2;15;Page2-15.m4a;شكل الحروف في أول الكلمة – Letters aan het begin van een woord;
2;16;Page2-16.m4a;شكل الحروف في أول الكلمة – Letters aan het begin van een woord;
2;17;Page2-17.m4a;شكل الحروف في أول الكلمة – Letters aan het begin van een woord;
2;18;Page2-18.m4a;شكل الحروف في أول الكلمة – Letters aan het begin van een woord;
2;19;Page2-19.m4a;شكل الحروف في أول الكلمة – Letters aan het begin van een woord;
2;20;Page2-20.m4a;شكل الحروف في أول الكلمة – Letters aan het begin van een woord;
2;21;Page2-21.m4a;شكل الحروف في أول الكلمة – Letters aan het begin van een woord;
2;22;Page2-22.m4a;شكل الحروف في أول الكلمة – Letters aan het begin van een woord;
2;23;Page2-23.m4a;شكل الحروف في أول الكلمة – Letters aan het begin van een woord;
2;24;Page2-24.m4a;شكل الحروف في أول الكلمة – Letters aan het begin van een woord;
2;25;Page2-25.m4a;شكل الحروف في أول الكلمة – Letters aan het begin van een woord;
2;26;Page2-26.m4a;شكل الحروف في أول الكلمة – Letters aan het begin van een woord;
2;27;Page2-27.m4a;شكل الحروف في أول الكلمة – Letters aan het begin van een woord;
2;28;Page2-28.m4a;شكل الحروف في أول الكلمة – Letters aan het begin van een woord;
2;29;Page2-29.m4a;شكل الحروف في أول الكلمة – Letters aan het begin van een woord;
3;1;Page3-01.m4a;شكل الحروف في وسط الكلمة – Letters in het midden van een woord;
3;2;Page3-02.m4a;شكل الحروف في وسط الكلمة – Letters in het midden van een woord;
3;3;Page3-03.m4a;شكل الحروف في وسط الكلمة – Letters in het midden van een woord;
3;4;Page3-04.m4a;شكل الحروف في وسط الكلمة – Letters in het midden van een woord;
3;5;Page3-05.m4a;شكل الحروف في وسط الكلمة – Letters in het midden van een woord;
3;6;Page3-06.m4a;شكل الحروف في وسط الكلمة – Letters in het midden van een woord;
3;7;Page3-07.m4a;شكل الحروف في وسط الكلمة – Letters in het midden van een woord;
3;8;Page3-08.m4a;شكل الحروف في وسط الكلمة – Letters in het midden van een woord;
3;9;Page3-09.m4a;شكل الحروف في وسط الكلمة – Letters in het midden van een woord;
3;10;Page3-10.m4a;شكل الحروف في وسط الكلمة – Letters in het midden van een woord;
3;11;Page3-11.m4a;شكل الحروف في وسط الكلمة – Letters in het midden van een woord;
3;12;Page3-12.m4a;شكل الحروف في وسط الكلمة – Letters in het midden van een woord;
3;13;Page3-13.m4a;شكل الحروف في وسط الكلمة – Letters in het midden van een woord;
3;14;Page3-14.m4a;شكل الحروف في وسط الكلمة – Letters in het midden van een woord;
3;15;Page3-15.m4a;شكل الحروف في وسط الكلمة – Letters in het midden van een woord;
3;16;Page3-16.m4a;شكل الحروف في وسط الكلمة – Letters in het midden van een woord;
3;17;Page3-17.m4a;شكل الحروف في وسط الكلمة – Letters in het midden van een woord;
3;18;Page3-18.m4a;شكل الحروف في وسط الكلمة – Letters in het midden van een woord;
3;19;Page3-19.m4a;شكل الحروف في وسط الكلمة – Letters in het midden van een woord;
3;20;Page3-20.m4a;شكل الحروف في وسط الكلمة – Letters in het midden van een woord;
3;21;Page3-21.m4a;شكل الحروف في وسط الكلمة – Letters in het midden van een woord;
3;22;Page3-22.m4a;شكل الحروف في وسط الكلمة – Letters in het midden van een woord;
3;23;Page3-23.m4a;شكل الحروف في وسط الكلمة – Letters in het midden van een woord;
3;24;Page3-24.m4a;شكل الحروف في وسط الكلمة – Letters in het midden van een woord;
3;25;Page3-25.m4a;شكل الحروف في وسط الكلمة – Letters in het midden van een woord;
3;26;Page3-26.m4a;شكل الحروف في وسط الكلمة – Letters in het midden van een woord;
3;27;Page3-27.m4a;شكل الحروف في وسط الكلمة – Letters in het midden van een woord;
3;28;Page3-28.m4a;شكل الحروف في وسط الكلمة – Letters in het midden van een woord;
3;29;Page3-29.m4a;شكل الحروف في وسط الكلمة – Letters in het midden van een woord;
4;1;Page4-01.m4a;شكل الحروف في آخر الكلمة – Letters aan het eind van een woord;
4;2;Page4-02.m4a;شكل الحروف في آخر الكلمة – Letters aan het eind van een woord;
4;3;Page4-03.m4a;شكل الحروف في آخر الكلمة – Letters aan het eind van een woord;
4;4;Page4-04.m4a;شكل الحروف في آخر الكلمة – Letters aan het eind van een woord;
4;5;Page4-05.m4a;شكل الحروف في آخر الكلمة – Letters aan het eind van een woord;
4;6;Page4-06.m4a;شكل الحروف في آخر الكلمة – Letters aan het eind van een woord;
4;7;Page4-07.m4a;شكل الحروف في آخر الكلمة – Letters aan het eind van een woord;
4;8;Page4-08.m4a;شكل الحروف في آخر الكلمة – Letters aan het eind van een woord;
4;9;Page4-09.m4a;شكل الحروف في آخر الكلمة – Letters aan het eind van een woord;
4;10;Page4-10.m4a;شكل الحروف في آخر الكلمة – Letters aan het eind van een woord;
4;11;Page4-11.m4a;شكل الحروف في آخر الكلمة – Letters aan het eind van een woord;
4;12;Page4-12.m4a;شكل الحروف في آخر الكلمة – Letters aan het eind van een woord;
4;13;Page4-13.m4a;شكل الحروف في آخر الكلمة – Letters aan het eind van een woord;
4;14;Page4-14.m4a;شكل الحروف في آخر الكلمة – Letters aan het eind van een woord;
4;15;Page4-15.m4a;شكل الحروف في آخر الكلمة – Letters aan het eind van een woord;
4;16;Page4-16.m4a;شكل الحروف في آخر الكلمة – Letters aan het eind van een woord;
4;17;Page4-17.m4a;شكل الحروف في آخر الكلمة – Letters aan het eind van een woord;
4;18;Page4-18.m4a;شكل الحروف في آخر الكلمة – Letters aan het eind van een woord;
4;19;Page4-19.m4a;شكل الحروف في آخر الكلمة – Letters aan het eind van een woord;
4;20;Page4-20.m4a;شكل الحروف في آخر الكلمة – Letters aan het eind van een woord;
4;21;Page4-21.m4a;شكل الحروف في آخر الكلمة – Letters aan het eind van een woord;
4;22;Page4-22.m4a;شكل الحروف في آخر الكلمة – Letters aan het eind van een woord;
4;23;Page4-23.m4a;شكل الحروف في آخر الكلمة – Letters aan het eind van een woord;
4;24;Page4-24.m4a;شكل الحروف في آخر الكلمة – Letters aan het eind van een woord;
4;25;Page4-25.m4a;شكل الحروف في آخر الكلمة – Letters aan het eind van een woord;
4;26;Page4-26.m4a;شكل الحروف في آخر الكلمة – Letters aan het eind van een woord;
4;27;Page4-27.m4a;شكل الحروف في آخر الكلمة – Letters aan het eind van een woord;
4;28;Page4-28.m4a;شكل الحروف في آخر الكلمة – Letters aan het eind van een woord;
4;29;Page4-29.m4a;شكل الحروف في آخر الكلمة – Letters aan het eind van een woord;
5;1;Page5-01.m4a;آخر الكلمة بعد الحروف التي لا تقبل الاتصال – Woordeinde na letters die niet verbinden;
5;2;Page5-02.m4a;آخر الكلمة بعد الحروف التي لا تقبل الاتصال – Woordeinde na letters die niet verbinden;
5;3;Page5-03.m4a;آخر الكلمة بعد الحروف التي لا تقبل الاتصال – Woordeinde na letters die niet verbinden;
5;4;Page5-04.m4a;آخر الكلمة بعد الحروف التي لا تقبل الاتصال – Woordeinde na letters die niet verbinden;
5;5;Page5-05.m4a;آخر الكلمة بعد الحروف التي لا تقبل الاتصال – Woordeinde na letters die niet verbinden;
5;6;Page5-06.m4a;آخر الكلمة بعد الحروف التي لا تقبل الاتصال – Woordeinde na letters die niet verbinden;
5;7;Page5-07.m4a;آخر الكلمة بعد الحروف التي لا تقبل الاتصال – Woordeinde na letters die niet verbinden;
5;8;Page5-08.m4a;آخر الكلمة بعد الحروف التي لا تقبل الاتصال – Woordeinde na letters die niet verbinden;
5;9;Page5-09.m4a;آخر الكلمة بعد الحروف التي لا تقبل الاتصال – Woordeinde na letters die niet verbinden;
5;10;Page5-10.m4a;آخر الكلمة بعد الحروف التي لا تقبل الاتصال – Woordeinde na letters die niet verbinden;
5;11;Page5-11.m4a;آخر الكلمة بعد الحروف التي لا تقبل الاتصال – Woordeinde na letters die niet verbinden;
5;12;Page5-12.m4a;آخر الكلمة بعد الحروف التي لا تقبل الاتصال – Woordeinde na letters die niet verbinden;
5;13;Page5-13.m4a;آخر الكلمة بعد الحروف التي لا تقبل الاتصال – Woordeinde na letters die niet verbinden;
5;14;Page5-14.m4a;آخر الكلمة بعد الحروف التي لا تقبل الاتصال – Woordeinde na letters die niet verbinden;
5;15;Page5-15.m4a;آخر الكلمة بعد الحروف التي لا تقبل الاتصال – Woordeinde na letters die niet verbinden;
5;16;Page5-16.m4a;آخر الكلمة بعد الحروف التي لا تقبل الاتصال – Woordeinde na letters die niet verbinden;
5;17;Page5-17.m4a;آخر الكلمة بعد الحروف التي لا تقبل الاتصال – Woordeinde na letters die niet verbinden;
5;18;Page5-18.m4a;آخر الكلمة بعد الحروف التي لا تقبل الاتصال – Woordeinde na letters die niet verbinden;
5;19;Page5-19.m4a;آخر الكلمة بعد الحروف التي لا تقبل الاتصال – Woordeinde na letters die niet verbinden;
5;20;Page5-20.m4a;آخر الكلمة بعد الحروف التي لا تقبل الاتصال – Woordeinde na letters die niet verbinden;
5;21;Page5-21.m4a;آخر الكلمة بعد الحروف التي لا تقبل الاتصال – Woordeinde na letters die niet verbinden;
5;22;Page5-22.m4a;آخر الكلمة بعد الحروف التي لا تقبل الاتصال – Woordeinde na letters die niet verbinden;
5;23;Page5-23.m4a;آخر الكلمة بعد الحروف التي لا تقبل الاتصال – Woordeinde na letters die niet verbinden;
5;24;Page5-24.m4a;آخر الكلمة بعد الحروف التي لا تقبل الاتصال – Woordeinde na letters die niet verbinden;
5;25;Page5-25.m4a;آخر الكلمة بعد الحروف التي لا تقبل الاتصال – Woordeinde na letters die niet verbinden;
5;26;Page5-26.m4a;آخر الكلمة بعد الحروف التي لا تقبل الاتصال – Woordeinde na letters die niet verbinden;
5;27;Page5-27.m4a;آخر الكلمة بعد الحروف التي لا تقبل الاتصال – Woordeinde na letters die niet verbinden;
5;28;Page5-28.m4a;آخر الكلمة بعد الحروف التي لا تقبل الاتصال – Woordeinde na letters die niet verbinden;
5;29;Page5-29.m4a;آخر الكلمة بعد الحروف التي لا تقبل الاتصال – Woordeinde na letters die niet verbinden;
6;1;Page6-01.m4a;حركة الفتحة – Fatha;
6;2;Page6-02.m4a;حركة الفتحة – Fatha;
6;3;Page6-03.m4a;حركة الفتحة – Fatha;
6;4;Page6-04.m4a;حركة الفتحة – Fatha;
6;5;Page6-05.m4a;حركة الفتحة – Fatha;
6;6;Page6-06.m4a;حركة الفتحة – Fatha;
6;7;Page6-07.m4a;حركة الفتحة – Fatha;
6;8;Page6-08.m4a;حركة الفتحة – Fatha;
6;9;Page6-09.m4a;حركة الفتحة – Fatha;
6;10;Page6-10.m4a;حركة الفتحة – Fatha;
6;11;Page6-11.m4a;حركة الفتحة – Fatha;
6;12;Page6-12.m4a;حركة الفتحة – Fatha;
6;13;Page6-13.m4a;حركة الفتحة – Fatha;
6;14;Page6-14.m4a;حركة الفتحة – Fatha;
6;15;Page6-15.m4a;حركة الفتحة – Fatha;
6;16;Page6-16.m4a;حركة الفتحة – Fatha;
6;17;Page6-17.m4a;حركة الفتحة – Fatha;
6;18;Page6-18.m4a;حركة الفتحة – Fatha;
6;19;Page6-19.m4a;حركة الفتحة – Fatha;
6;20;Page6-20.m4a;حركة الفتحة – Fatha;
6;21;Page6-21.m4a;حركة الفتحة – Fatha;
6;22;Page6-22.m4a;حركة الفتحة – Fatha;
6;23;Page6-23.m4a;حركة الفتحة – Fatha;
6;24;Page6-24.m4a;حركة الفتحة – Fatha;
6;25;Page6-25.m4a;حركة الفتحة – Fatha;
6;26;Page6-26.m4a;حركة الفتحة – Fatha;
6;27;Page6-27.m4a;حركة الفتحة – Fatha;
6;28;Page6-28.m4a;حركة الفتحة – Fatha;
6;29;Page6-29.m4a;حركة الفتحة – Fatha;
6;30;Page6-30.m4a;حركة الفتحة – Fatha;
7;1;Page7-01.m4a;حركة الكسرة – Kasra;
7;2;Page7-02.m4a;حركة الكسرة – Kasra;
7;3;Page7-03.m4a;حركة الكسرة – Kasra;
7;4;Page7-04.m4a;حركة الكسرة – Kasra;
7;5;Page7-05.m4a;حركة الكسرة – Kasra;
7;6;Page7-06.m4a;حركة الكسرة – Kasra;
7;7;Page7-07.m4a;حركة الكسرة – Kasra;
7;8;Page7-08.m4a;حركة الكسرة – Kasra;
7;9;Page7-09.m4a;حركة الكسرة – Kasra;
7;10;Page7-10.m4a;حركة الكسرة – Kasra;
7;11;Page7-11.m4a;حركة الكسرة – Kasra;
7;12;Page7-12.m4a;حركة الكسرة – Kasra;
7;13;Page7-13.m4a;حركة الكسرة – Kasra;
7;14;Page7-14.m4a;حركة الكسرة – Kasra;
7;15;Page7-15.m4a;حركة الكسرة – Kasra;
7;16;Page7-16.m4a;حركة الكسرة – Kasra;
7;17;Page7-17.m4a;حركة الكسرة – Kasra;
7;18;Page7-18.m4a;حركة الكسرة – Kasra;
7;19;Page7-19.m4a;حركة الكسرة – Kasra;
7;20;Page7-20.m4a;حركة الكسرة – Kasra;
7;21;Page7-21.m4a;حركة الكسرة – Kasra;
7;22;Page7-22.m4a;حركة الكسرة – Kasra;
7;23;Page7-23.m4a;حركة الكسرة – Kasra;
7;24;Page7-24.m4a;حركة الكسرة – Kasra;
7;25;Page7-25.m4a;حركة الكسرة – Kasra;
7;26;Page7-26.m4a;حركة الكسرة – Kasra;
7;27;Page7-27.m4a;حركة الكسرة – Kasra;
7;28;Page7-28.m4a;حركة الكسرة – Kasra;
7;29;Page7-29.m4a;حركة الكسرة – Kasra;
7;30;Page7-30.m4a;حركة الكسرة – Kasra;
8;1;Page8-01.m4a;حركة الضمة – Damma;
8;2;Page8-02.m4a;حركة الضمة – Damma;
8;3;Page8-03.m4a;حركة الضمة – Damma;
8;4;Page8-04.m4a;حركة الضمة – Damma;
8;5;Page8-05.m4a;حركة الضمة – Damma;
8;6;Page8-06.m4a;حركة الضمة – Damma;
8;7;Page8-07.m4a;حركة الضمة – Damma;
8;8;Page8-08.m4a;حركة الضمة – Damma;
8;9;Page8-09.m4a;حركة الضمة – Damma;
8;10;Page8-10.m4a;حركة الضمة – Damma;
8;11;Page8-11.m4a;حركة الضمة – Damma;
8;12;Page8-12.m4a;حركة الضمة – Damma;
8;13;Page8-13.m4a;حركة الضمة – Damma;
8;14;Page8-14.m4a;حركة الضمة – Damma;
8;15;Page8-15.m4a;حركة الضمة – Damma;
8;16;Page8-16.m4a;حركة الضمة – Damma;
8;17;Page8-17.m4a;حركة الضمة – Damma;
8;18;Page8-18.m4a;حركة الضمة – Damma;
8;19;Page8-19.m4a;حركة الضمة – Damma;
8;20;Page8-20.m4a;حركة الضمة – Damma;
8;21;Page8-21.m4a;حركة الضمة – Damma;
8;22;Page8-22.m4a;حركة الضمة – Damma;
8;23;Page8-23.m4a;حركة الضمة – Damma;
8;24;Page8-24.m4a;حركة الضمة – Damma;
8;25;Page8-25.m4a;حركة الضمة – Damma;
8;26;Page8-26.m4a;حركة الضمة – Damma;
8;27;Page8-27.m4a;حركة الضمة – Damma;
8;28;Page8-28.m4a;حركة الضمة – Damma;
8;29;Page8-29.m4a;حركة الضمة – Damma;
8;30;Page8-30.m4a;حركة الضمة – Damma;
9;1;Page9-01.m4a;السكون – Soekoen;
9;2;Page9-02.m4a;السكون – Soekoen;
9;3;Page9-03.m4a;السكون – Soekoen;
9;4;Page9-04.m4a;السكون – Soekoen;
9;5;Page9-05.m4a;السكون – Soekoen;
9;6;Page9-06.m4a;السكون – Soekoen;
9;7;Page9-07.m4a;السكون – Soekoen;
9;8;Page9-08.m4a;السكون – Soekoen;
9;9;Page9-09.m4a;السكون – Soekoen;
9;10;Page9-10.m4a;السكون – Soekoen;
9;11;Page9-11.m4a;السكون – Soekoen;
9;12;Page9-12.m4a;السكون – Soekoen;
9;13;Page9-13.m4a;السكون – Soekoen;
9;14;Page9-14.m4a;السكون – Soekoen;
9;15;Page9-15.m4a;السكون – Soekoen;
9;16;Page9-16.m4a;السكون – Soekoen;
9;17;Page9-17.m4a;السكون – Soekoen;
9;18;Page9-18.m4a;السكون – Soekoen;
9;19;Page9-19.m4a;السكون – Soekoen;
9;20;Page9-20.m4a;السكون – Soekoen;
9;21;Page9-21.m4a;السكون – Soekoen;
9;22;Page9-22.m4a;السكون – Soekoen;
9;23;Page9-23.m4a;السكون – Soekoen;
9;24;Page9-24.m4a;السكون – Soekoen;
9;25;Page9-25.m4a;السكون – Soekoen;
9;26;Page9-26.m4a;السكون – Soekoen;
9;27;Page9-27.m4a;السكون – Soekoen;
9;28;Page9-28.m4a;السكون – Soekoen;
9;29;Page9-29.m4a;السكون – Soekoen;
9;30;Page9-30.m4a;السكون – Soekoen;
10;1;Page10-01.m4a;الألف المدية – De lange alif (alif madd);
10;2;Page10-02.m4a;الألف المدية – De lange alif (alif madd);
10;3;Page10-03.m4a;الألف المدية – De lange alif (alif madd);
10;4;Page10-04.m4a;الألف المدية – De lange alif (alif madd);
10;5;Page10-05.m4a;الألف المدية – De lange alif (alif madd);
10;6;Page10-06.m4a;الألف المدية – De lange alif (alif madd);
10;7;Page10-07.m4a;الألف المدية – De lange alif (alif madd);
10;8;Page10-08.m4a;الألف المدية – De lange alif (alif madd);
10;9;Page10-09.m4a;الألف المدية – De lange alif (alif madd);
10;10;Page10-10.m4a;الألف المدية – De lange alif (alif madd);
10;11;Page10-11.m4a;الألف المدية – De lange alif (alif madd);
10;12;Page10-12.m4a;الألف المدية – De lange alif (alif madd);
10;13;Page10-13.m4a;الألف المدية – De lange alif (alif madd);
10;14;Page10-14.m4a;الألف المدية – De lange alif (alif madd);
10;15;Page10-15.m4a;الألف المدية – De lange alif (alif madd);
10;16;Page10-16.m4a;الألف المدية – De lange alif (alif madd);
10;17;Page10-17.m4a;الألف المدية – De lange alif (alif madd);
10;18;Page10-18.m4a;الألف المدية – De lange alif (alif madd);
10;19;Page10-19.m4a;الألف المدية – De lange alif (alif madd);
10;20;Page10-20.m4a;الألف المدية – De lange alif (alif madd);
10;21;Page10-21.m4a;الألف المدية – De lange alif (alif madd);
10;22;Page10-22.m4a;الألف المدية – De lange alif (alif madd);
10;23;Page10-23.m4a;الألف المدية – De lange alif (alif madd);
10;24;Page10-24.m4a;الألف المدية – De lange alif (alif madd);
10;25;Page10-25.m4a;الألف المدية – De lange alif (alif madd);
10;26;Page10-26.m4a;الألف المدية – De lange alif (alif madd);
10;27;Page10-27.m4a;الألف المدية – De lange alif (alif madd);
10;28;Page10-28.m4a;الألف المدية – De lange alif (alif madd);
10;29;Page10-29.m4a;الألف المدية – De lange alif (alif madd);
10;30;Page10-30.m4a;الألف المدية – De lange alif (alif madd);
11;1;Page11-01.m4a;الألف الخنجرية – De kleine alif (alif khandjariyya);
11;2;Page11-02.m4a;الألف الخنجرية – De kleine alif (alif khandjariyya);
11;3;Page11-03.m4a;الألف الخنجرية – De kleine alif (alif khandjariyya);
11;4;Page11-04.m4a;الألف الخنجرية – De kleine alif (alif khandjariyya);
11;5;Page11-05.m4a;الألف الخنجرية – De kleine alif (alif khandjariyya);
11;6;Page11-06.m4a;الألف الخنجرية – De kleine alif (alif khandjariyya);
11;7;Page11-07.m4a;الألف الخنجرية – De kleine alif (alif khandjariyya);
11;8;Page11-08.m4a;الألف الخنجرية – De kleine alif (alif khandjariyya);
11;9;Page11-09.m4a;الألف الخنجرية – De kleine alif (alif khandjariyya);
11;10;Page11-10.m4a;الألف الخنجرية – De kleine alif (alif khandjariyya);
11;11;Page11-11.m4a;الألف الخنجرية – De kleine alif (alif khandjariyya);
11;12;Page11-12.m4a;الألف الخنجرية – De kleine alif (alif khandjariyya);
11;13;Page11-13.m4a;الألف الخنجرية – De kleine alif (alif khandjariyya);
11;14;Page11-14.m4a;الألف الخنجرية – De kleine alif (alif khandjariyya);
11;15;Page11-15.m4a;الألف الخنجرية – De kleine alif (alif khandjariyya);
11;16;Page11-16.m4a;الألف الخنجرية – De kleine alif (alif khandjariyya);
11;17;Page11-17.m4a;الألف الخنجرية – De kleine alif (alif khandjariyya);
11;18;Page11-18.m4a;الألف الخنجرية – De kleine alif (alif khandjariyya);
11;19;Page11-19.m4a;الألف الخنجرية – De kleine alif (alif khandjariyya);
11;20;Page11-20.m4a;الألف الخنجرية – De kleine alif (alif khandjariyya);
11;21;Page11-21.m4a;الألف الخنجرية – De kleine alif (alif khandjariyya);
11;22;Page11-22.m4a;الألف الخنجرية – De kleine alif (alif khandjariyya);
11;23;Page11-23.m4a;الألف الخنجرية – De kleine alif (alif khandjariyya);
11;24;Page11-24.m4a;الألف الخنجرية – De kleine alif (alif khandjariyya);
11;25;Page11-25.m4a;الألف الخنجرية – De kleine alif (alif khandjariyya);
11;26;Page11-26.m4a;الألف الخنجرية – De kleine alif (alif khandjariyya);
11;27;Page11-27.m4a;الألف الخنجرية – De kleine alif (alif khandjariyya);
11;28;Page11-28.m4a;الألف الخنجرية – De kleine alif (alif khandjariyya);
11;29;Page11-29.m4a;الألف الخنجرية – De kleine alif (alif khandjariyya);
11;30;Page11-30.m4a;الألف الخنجرية – De kleine alif (alif khandjariyya);
12;1;Page12-01.m4a;الياء المدية – De lange yaa (yaa madd);
12;2;Page12-02.m4a;الياء المدية – De lange yaa (yaa madd);
12;3;Page12-03.m4a;الياء المدية – De lange yaa (yaa madd);
12;4;Page12-04.m4a;الياء المدية – De lange yaa (yaa madd);
12;5;Page12-05.m4a;الياء المدية – De lange yaa (yaa madd);
12;6;Page12-06.m4a;الياء المدية – De lange yaa (yaa madd);
12;7;Page12-07.m4a;الياء المدية – De lange yaa (yaa madd);
12;8;Page12-08.m4a;الياء المدية – De lange yaa (yaa madd);
12;9;Page12-09.m4a;الياء المدية – De lange yaa (yaa madd);
12;10;Page12-10.m4a;الياء المدية – De lange yaa (yaa madd);
12;11;Page12-11.m4a;الياء المدية – De lange yaa (yaa madd);
12;12;Page12-12.m4a;الياء المدية – De lange yaa (yaa madd);
12;13;Page12-13.m4a;الياء المدية – De lange yaa (yaa madd);
12;14;Page12-14.m4a;الياء المدية – De lange yaa (yaa madd);
12;15;Page12-15.m4a;الياء المدية – De lange yaa (yaa madd);
12;16;Page12-16.m4a;الياء المدية – De lange yaa (yaa madd);
12;17;Page12-17.m4a;الياء المدية – De lange yaa (yaa madd);
12;18;Page12-18.m4a;الياء المدية – De lange yaa (yaa madd);
12;19;Page12-19.m4a;الياء المدية – De lange yaa (yaa madd);
12;20;Page12-20.m4a;الياء المدية – De lange yaa (yaa madd);
12;21;Page12-21.m4a;الياء المدية – De lange yaa (yaa madd);
12;22;Page12-22.m4a;الياء المدية – De lange yaa (yaa madd);
12;23;Page12-23.m4a;الياء المدية – De lange yaa (yaa madd);
12;24;Page12-24.m4a;الياء المدية – De lange yaa (yaa madd);
12;25;Page12-25.m4a;الياء المدية – De lange yaa (yaa madd);
12;26;Page12-26.m4a;الياء المدية – De lange yaa (yaa madd);
12;27;Page12-27.m4a;الياء المدية – De lange yaa (yaa madd);
12;28;Page12-28.m4a;الياء المدية – De lange yaa (yaa madd);
12;29;Page12-29.m4a;الياء المدية – De lange yaa (yaa madd);
12;30;Page12-30.m4a;الياء المدية – De lange yaa (yaa madd);
13;1;Page13-01.m4a;الواو المدية – De lange waw (waw madd);
13;2;Page13-02.m4a;الواو المدية – De lange waw (waw madd);
13;3;Page13-03.m4a;الواو المدية – De lange waw (waw madd);
13;4;Page13-04.m4a;الواو المدية – De lange waw (waw madd);
13;5;Page13-05.m4a;الواو المدية – De lange waw (waw madd);
13;6;Page13-06.m4a;الواو المدية – De lange waw (waw madd);
13;7;Page13-07.m4a;الواو المدية – De lange waw (waw madd);
13;8;Page13-08.m4a;الواو المدية – De lange waw (waw madd);
13;9;Page13-09.m4a;الواو المدية – De lange waw (waw madd);
13;10;Page13-10.m4a;الواو المدية – De lange waw (waw madd);
13;11;Page13-11.m4a;الواو المدية – De lange waw (waw madd);
13;12;Page13-12.m4a;الواو المدية – De lange waw (waw madd);
13;13;Page13-13.m4a;الواو المدية – De lange waw (waw madd);
13;14;Page13-14.m4a;الواو المدية – De lange waw (waw madd);
13;15;Page13-15.m4a;الواو المدية – De lange waw (waw madd);
13;16;Page13-16.m4a;الواو المدية – De lange waw (waw madd);
13;17;Page13-17.m4a;الواو المدية – De lange waw (waw madd);
13;18;Page13-18.m4a;الواو المدية – De lange waw (waw madd);
13;19;Page13-19.m4a;الواو المدية – De lange waw (waw madd);
13;20;Page13-20.m4a;الواو المدية – De lange waw (waw madd);
13;21;Page13-21.m4a;الواو المدية – De lange waw (waw madd);
13;22;Page13-22.m4a;الواو المدية – De lange waw (waw madd);
13;23;Page13-23.m4a;الواو المدية – De lange waw (waw madd);
13;24;Page13-24.m4a;الواو المدية – De lange waw (waw madd);
13;25;Page13-25.m4a;الواو المدية – De lange waw (waw madd);
13;26;Page13-26.m4a;الواو المدية – De lange waw (waw madd);
13;27;Page13-27.m4a;الواو المدية – De lange waw (waw madd);
13;28;Page13-28.m4a;الواو المدية – De lange waw (waw madd);
13;29;Page13-29.m4a;الواو المدية – De lange waw (waw madd);
13;30;Page13-30.m4a;الواو المدية – De lange waw (waw madd);
15;1;Page15-01.m4a;الشدة – Shadda;
15;2;Page15-02.m4a;الشدة – Shadda;
15;3;Page15-03.m4a;الشدة – Shadda;
15;4;Page15-04.m4a;الشدة – Shadda;
15;5;Page15-05.m4a;الشدة – Shadda;
15;6;Page15-06.m4a;الشدة – Shadda;
15;7;Page15-07.m4a;الشدة – Shadda;
15;8;Page15-08.m4a;الشدة – Shadda;
15;9;Page15-09.m4a;الشدة – Shadda;
15;10;Page15-10.m4a;الشدة – Shadda;
15;11;Page15-11.m4a;الشدة – Shadda;
15;12;Page15-12.m4a;الشدة – Shadda;
15;13;Page15-13.m4a;الشدة – Shadda;
15;14;Page15-14.m4a;الشدة – Shadda;
15;15;Page15-15.m4a;الشدة – Shadda;
15;16;Page15-16.m4a;الشدة – Shadda;
15;17;Page15-17.m4a;الشدة – Shadda;
15;18;Page15-18.m4a;الشدة – Shadda;
15;19;Page15-19.m4a;الشدة – Shadda;
15;20;Page15-20.m4a;الشدة – Shadda;
15;21;Page15-21.m4a;الشدة – Shadda;
15;22;Page15-22.m4a;الشدة – Shadda;
15;23;Page15-23.m4a;الشدة – Shadda;
15;24;Page15-24.m4a;الشدة – Shadda;
15;25;Page15-25.m4a;الشدة – Shadda;
15;26;Page15-26.m4a;الشدة – Shadda;
15;27;Page15-27.m4a;الشدة – Shadda;
15;28;Page15-28.m4a;الشدة – Shadda;
15;29;Page15-29.m4a;الشدة – Shadda;
15;30;Page15-30.m4a;الشدة – Shadda;
16;1;Page16-01.m4a;تنوين الضم – Tanwien damma;
16;2;Page16-02.m4a;تنوين الضم – Tanwien damma;
16;3;Page16-03.m4a;تنوين الضم – Tanwien damma;
16;4;Page16-04.m4a;تنوين الضم – Tanwien damma;
16;5;Page16-05.m4a;تنوين الضم – Tanwien damma;
16;6;Page16-06.m4a;تنوين الضم – Tanwien damma;
16;7;Page16-07.m4a;تنوين الضم – Tanwien damma;
16;8;Page16-08.m4a;تنوين الضم – Tanwien damma;
16;9;Page16-09.m4a;تنوين الضم – Tanwien damma;
16;10;Page16-10.m4a;تنوين الضم – Tanwien damma;
16;11;Page16-11.m4a;تنوين الضم – Tanwien damma;
16;12;Page16-12.m4a;تنوين الضم – Tanwien damma;
16;13;Page16-13.m4a;تنوين الضم – Tanwien damma;
16;14;Page16-14.m4a;تنوين الضم – Tanwien damma;
16;15;Page16-15.m4a;تنوين الضم – Tanwien damma;
16;16;Page16-16.m4a;تنوين الضم – Tanwien damma;
16;17;Page16-17.m4a;تنوين الضم – Tanwien damma;
16;18;Page16-18.m4a;تنوين الضم – Tanwien damma;
16;19;Page16-19.m4a;تنوين الضم – Tanwien damma;
16;20;Page16-20.m4a;تنوين الضم – Tanwien damma;
16;21;Page16-21.m4a;تنوين الضم – Tanwien damma;
16;22;Page16-22.m4a;تنوين الضم – Tanwien damma;
16;23;Page16-23.m4a;تنوين الضم – Tanwien damma;
16;24;Page16-24.m4a;تنوين الضم – Tanwien damma;
16;25;Page16-25.m4a;تنوين الضم – Tanwien damma;
16;26;Page16-26.m4a;تنوين الضم – Tanwien damma;
16;27;Page16-27.m4a;تنوين الضم – Tanwien damma;
16;28;Page16-28.m4a;تنوين الضم – Tanwien damma;
16;29;Page16-29.m4a;تنوين الضم – Tanwien damma;
16;30;Page16-30.m4a;تنوين الضم – Tanwien damma;
17;1;Page17-01.m4a;تنوين الفتح – Tanwien fatha;
17;2;Page17-02.m4a;تنوين الفتح – Tanwien fatha;
17;3;Page17-03.m4a;تنوين الفتح – Tanwien fatha;
17;4;Page17-04.m4a;تنوين الفتح – Tanwien fatha;
17;5;Page17-05.m4a;تنوين الفتح – Tanwien fatha;
17;6;Page17-06.m4a;تنوين الفتح – Tanwien fatha;
17;7;Page17-07.m4a;تنوين الفتح – Tanwien fatha;
17;8;Page17-08.m4a;تنوين الفتح – Tanwien fatha;
17;9;Page17-09.m4a;تنوين الفتح – Tanwien fatha;
17;10;Page17-10.m4a;تنوين الفتح – Tanwien fatha;
17;11;Page17-11.m4a;تنوين الفتح – Tanwien fatha;
17;12;Page17-12.m4a;تنوين الفتح – Tanwien fatha;
17;13;Page17-13.m4a;تنوين الفتح – Tanwien fatha;
17;14;Page17-14.m4a;تنوين الفتح – Tanwien fatha;
17;15;Page17-15.m4a;تنوين الفتح – Tanwien fatha;
17;16;Page17-16.m4a;تنوين الفتح – Tanwien fatha;
17;17;Page17-17.m4a;تنوين الفتح – Tanwien fatha;
17;18;Page17-18.m4a;تنوين الفتح – Tanwien fatha;
17;19;Page17-19.m4a;تنوين الفتح – Tanwien fatha;
17;20;Page17-20.m4a;تنوين الفتح – Tanwien fatha;
17;21;Page17-21.m4a;تنوين الفتح – Tanwien fatha;
17;22;Page17-22.m4a;تنوين الفتح – Tanwien fatha;
17;23;Page17-23.m4a;تنوين الفتح – Tanwien fatha;
17;24;Page17-24.m4a;تنوين الفتح – Tanwien fatha;
17;25;Page17-25.m4a;تنوين الفتح – Tanwien fatha;
17;26;Page17-26.m4a;تنوين الفتح – Tanwien fatha;
17;27;Page17-27.m4a;تنوين الفتح – Tanwien fatha;
17;28;Page17-28.m4a;تنوين الفتح – Tanwien fatha;
17;29;Page17-29.m4a;تنوين الفتح – Tanwien fatha;
17;30;Page17-30.m4a;تنوين الفتح – Tanwien fatha;
18;1;Page18-01.m4a;تنوين الكسر – Tanwien kasra;
18;2;Page18-02.m4a;تنوين الكسر – Tanwien kasra;
18;3;Page18-03.m4a;تنوين الكسر – Tanwien kasra;
18;4;Page18-04.m4a;تنوين الكسر – Tanwien kasra;
18;5;Page18-05.m4a;تنوين الكسر – Tanwien kasra;
18;6;Page18-06.m4a;تنوين الكسر – Tanwien kasra;
18;7;Page18-07.m4a;تنوين الكسر – Tanwien kasra;
18;8;Page18-08.m4a;تنوين الكسر – Tanwien kasra;
18;9;Page18-09.m4a;تنوين الكسر – Tanwien kasra;
18;10;Page18-10.m4a;تنوين الكسر – Tanwien kasra;
18;11;Page18-11.m4a;تنوين الكسر – Tanwien kasra;
18;12;Page18-12.m4a;تنوين الكسر – Tanwien kasra;
18;13;Page18-13.m4a;تنوين الكسر – Tanwien kasra;
18;14;Page18-14.m4a;تنوين الكسر – Tanwien kasra;
18;15;Page18-15.m4a;تنوين الكسر – Tanwien kasra;
18;16;Page18-16.m4a;تنوين الكسر – Tanwien kasra;
18;17;Page18-17.m4a;تنوين الكسر – Tanwien kasra;
18;18;Page18-18.m4a;تنوين الكسر – Tanwien kasra;
18;19;Page18-19.m4a;تنوين الكسر – Tanwien kasra;
18;20;Page18-20.m4a;تنوين الكسر – Tanwien kasra;
18;21;Page18-21.m4a;تنوين الكسر – Tanwien kasra;
18;22;Page18-22.m4a;تنوين الكسر – Tanwien kasra;
18;23;Page18-23.m4a;تنوين الكسر – Tanwien kasra;
18;24;Page18-24.m4a;تنوين الكسر – Tanwien kasra;
18;25;Page18-25.m4a;تنوين الكسر – Tanwien kasra;
18;26;Page18-26.m4a;تنوين الكسر – Tanwien kasra;
18;27;Page18-27.m4a;تنوين الكسر – Tanwien kasra;
18;28;Page18-28.m4a;تنوين الكسر – Tanwien kasra;
18;29;Page18-29.m4a;تنوين الكسر – Tanwien kasra;
18;30;Page18-30.m4a;تنوين الكسر – Tanwien kasra;
19;1;Page19-01.m4a;التاء المربوطة – Taa marboeta;
19;2;Page19-02.m4a;التاء المربوطة – Taa marboeta;
19;3;Page19-03.m4a;التاء المربوطة – Taa marboeta;
19;4;Page19-04.m4a;التاء المربوطة – Taa marboeta;
19;5;Page19-05.m4a;التاء المربوطة – Taa marboeta;
19;6;Page19-06.m4a;التاء المربوطة – Taa marboeta;
19;7;Page19-07.m4a;التاء المربوطة – Taa marboeta;
19;8;Page19-08.m4a;التاء المربوطة – Taa marboeta;
19;9;Page19-09.m4a;التاء المربوطة – Taa marboeta;
19;10;Page19-10.m4a;التاء المربوطة – Taa marboeta;
19;11;Page19-11.m4a;التاء المربوطة – Taa marboeta;
19;12;Page19-12.m4a;التاء المربوطة – Taa marboeta;
19;13;Page19-13.m4a;التاء المربوطة – Taa marboeta;
19;14;Page19-14.m4a;التاء المربوطة – Taa marboeta;
19;15;Page19-15.m4a;التاء المربوطة – Taa marboeta;
19;16;Page19-16.m4a;التاء المربوطة – Taa marboeta;
19;17;Page19-17.m4a;التاء المربوطة – Taa marboeta;
19;18;Page19-18.m4a;التاء المربوطة – Taa marboeta;
19;19;Page19-19.m4a;التاء المربوطة – Taa marboeta;
19;20;Page19-20.m4a;التاء المربوطة – Taa marboeta;
19;21;Page19-21.m4a;التاء المربوطة – Taa marboeta;
19;22;Page19-22.m4a;التاء المربوطة – Taa marboeta;
19;23;Page19-23.m4a;التاء المربوطة – Taa marboeta;
19;24;Page19-24.m4a;التاء المربوطة – Taa marboeta;
19;25;Page19-25.m4a;التاء المربوطة – Taa marboeta;
19;26;Page19-26.m4a;التاء المربوطة – Taa marboeta;
19;27;Page19-27.m4a;التاء المربوطة – Taa marboeta;
19;28;Page19-28.m4a;التاء المربوطة – Taa marboeta;
19;29;Page19-29.m4a;التاء المربوطة – Taa marboeta;
19;30;Page19-30.m4a;التاء المربوطة – Taa marboeta;
20;1;Page20-01.m4a;الألف المقصورة – Alif maqsoera;
20;2;Page20-02.m4a;الألف المقصورة – Alif maqsoera;
20;3;Page20-03.m4a;الألف المقصورة – Alif maqsoera;
20;4;Page20-04.m4a;الألف المقصورة – Alif maqsoera;
20;5;Page20-05.m4a;الألف المقصورة – Alif maqsoera;
20;6;Page20-06.m4a;الألف المقصورة – Alif maqsoera;
20;7;Page20-07.m4a;الألف المقصورة – Alif maqsoera;
20;8;Page20-08.m4a;الألف المقصورة – Alif maqsoera;
20;9;Page20-09.m4a;الألف المقصورة – Alif maqsoera;
20;10;Page20-10.m4a;الألف المقصورة – Alif maqsoera;
20;11;Page20-11.m4a;الألف المقصورة – Alif maqsoera;
20;12;Page20-12.m4a;الألف المقصورة – Alif maqsoera;
20;13;Page20-13.m4a;الألف المقصورة – Alif maqsoera;
20;14;Page20-14.m4a;الألف المقصورة – Alif maqsoera;
20;15;Page20-15.m4a;الألف المقصورة – Alif maqsoera;
20;16;Page20-16.m4a;الألف المقصورة – Alif maqsoera;
20;17;Page20-17.m4a;الألف المقصورة – Alif maqsoera;
20;18;Page20-18.m4a;الألف المقصورة – Alif maqsoera;
20;19;Page20-19.m4a;الألف المقصورة – Alif maqsoera;
20;20;Page20-20.m4a;الألف المقصورة – Alif maqsoera;
20;21;Page20-21.m4a;الألف المقصورة – Alif maqsoera;
20;22;Page20-22.m4a;الألف المقصورة – Alif maqsoera;
20;23;Page20-23.m4a;الألف المقصورة – Alif maqsoera;
20;24;Page20-24.m4a;الألف المقصورة – Alif maqsoera;
20;25;Page20-25.m4a;الألف المقصورة – Alif maqsoera;
20;26;Page20-26.m4a;الألف المقصورة – Alif maqsoera;
20;27;Page20-27.m4a;الألف المقصورة – Alif maqsoera;
20;28;Page20-28.m4a;الألف المقصورة – Alif maqsoera;
20;29;Page20-29.m4a;الألف المقصورة – Alif maqsoera;
20;30;Page20-30.m4a;الألف المقصورة – Alif maqsoera;
22;1;Page22-01.m4a;هاء الضمير – De haa van het voornaamwoord;
22;2;Page22-02.m4a;هاء الضمير – De haa van het voornaamwoord;
22;3;Page22-03.m4a;هاء الضمير – De haa van het voornaamwoord;
22;4;Page22-04.m4a;هاء الضمير – De haa van het voornaamwoord;
22;5;Page22-05.m4a;هاء الضمير – De haa van het voornaamwoord;
22;6;Page22-06.m4a;هاء الضمير – De haa van het voornaamwoord;
22;7;Page22-07.m4a;هاء الضمير – De haa van het voornaamwoord;
22;8;Page22-08.m4a;هاء الضمير – De haa van het voornaamwoord;
22;9;Page22-09.m4a;هاء الضمير – De haa van het voornaamwoord;
22;10;Page22-10.m4a;هاء الضمير – De haa van het voornaamwoord;
22;11;Page22-11.m4a;هاء الضمير – De haa van het voornaamwoord;
22;12;Page22-12.m4a;هاء الضمير – De haa van het voornaamwoord;
22;13;Page22-13.m4a;هاء الضمير – De haa van het voornaamwoord;
22;14;Page22-14.m4a;هاء الضمير – De haa van het voornaamwoord;
22;15;Page22-15.m4a;هاء الضمير – De haa van het voornaamwoord;
22;16;Page22-16.m4a;هاء الضمير – De haa van het voornaamwoord;
22;17;Page22-17.m4a;هاء الضمير – De haa van het voornaamwoord;
22;18;Page22-18.m4a;هاء الضمير – De haa van het voornaamwoord;
22;19;Page22-19.m4a;هاء الضمير – De haa van het voornaamwoord;
22;20;Page22-20.m4a;هاء الضمير – De haa van het voornaamwoord;
22;21;Page22-21.m4a;هاء الضمير – De haa van het voornaamwoord;
22;22;Page22-22.m4a;هاء الضمير – De haa van het voornaamwoord;
22;23;Page22-23.m4a;هاء الضمير – De haa van het voornaamwoord;
22;24;Page22-24.m4a;هاء الضمير – De haa van het voornaamwoord;
22;25;Page22-25.m4a;هاء الضمير – De haa van het voornaamwoord;
22;26;Page22-26.m4a;هاء الضمير – De haa van het voornaamwoord;
22;27;Page22-27.m4a;هاء الضمير – De haa van het voornaamwoord;
22;28;Page22-28.m4a;هاء الضمير – De haa van het voornaamwoord;
22;29;Page22-29.m4a;هاء الضمير – De haa van het voornaamwoord;
22;30;Page22-30.m4a;هاء الضمير – De haa van het voornaamwoord;
23;1;Page23-01.m4a;هاء الضمير – مد الصلة الصغرى – Haa van het voornaamwoord – korte verlenging;
23;2;Page23-02.m4a;هاء الضمير – مد الصلة الصغرى – Haa van het voornaamwoord – korte verlenging;
23;3;Page23-03.m4a;هاء الضمير – مد الصلة الصغرى – Haa van het voornaamwoord – korte verlenging;
23;4;Page23-04.m4a;هاء الضمير – مد الصلة الصغرى – Haa van het voornaamwoord – korte verlenging;
23;5;Page23-05.m4a;هاء الضمير – مد الصلة الصغرى – Haa van het voornaamwoord – korte verlenging;
23;6;Page23-06.m4a;هاء الضمير – مد الصلة الصغرى – Haa van het voornaamwoord – korte verlenging;
23;7;Page23-07.m4a;هاء الضمير – مد الصلة الصغرى – Haa van het voornaamwoord – korte verlenging;
23;8;Page23-08.m4a;هاء الضمير – مد الصلة الصغرى – Haa van het voornaamwoord – korte verlenging;
23;9;Page23-09.m4a;هاء الضمير – مد الصلة الصغرى – Haa van het voornaamwoord – korte verlenging;
23;10;Page23-10.m4a;هاء الضمير – مد الصلة الصغرى – Haa van het voornaamwoord – korte verlenging;
23;11;Page23-11.m4a;هاء الضمير – مد الصلة الصغرى – Haa van het voornaamwoord – korte verlenging;
23;12;Page23-12.m4a;هاء الضمير – مد الصلة الصغرى – Haa van het voornaamwoord – korte verlenging;
23;13;Page23-13.m4a;هاء الضمير – مد الصلة الصغرى – Haa van het voornaamwoord – korte verlenging;
23;14;Page23-14.m4a;هاء الضمير – مد الصلة الصغرى – Haa van het voornaamwoord – korte verlenging;
23;15;Page23-15.m4a;هاء الضمير – مد الصلة الصغرى – Haa van het voornaamwoord – korte verlenging;
23;16;Page23-16.m4a;هاء الضمير – مد الصلة الصغرى – Haa van het voornaamwoord – korte verlenging;
23;17;Page23-17.m4a;هاء الضمير – مد الصلة الصغرى – Haa van het voornaamwoord – korte verlenging;
23;18;Page23-18.m4a;هاء الضمير – مد الصلة الصغرى – Haa van het voornaamwoord – korte verlenging;
23;19;Page23-19.m4a;هاء الضمير – مد الصلة الصغرى – Haa van het voornaamwoord – korte verlenging;
23;20;Page23-20.m4a;هاء الضمير – مد الصلة الصغرى – Haa van het voornaamwoord – korte verlenging;
23;21;Page23-21.m4a;هاء الضمير – مد الصلة الصغرى – Haa van het voornaamwoord – korte verlenging;
23;22;Page23-22.m4a;هاء الضمير – مد الصلة الصغرى – Haa van het voornaamwoord – korte verlenging;
23;23;Page23-23.m4a;هاء الضمير – مد الصلة الصغرى – Haa van het voornaamwoord – korte verlenging;
23;24;Page23-24.m4a;هاء الضمير – مد الصلة الصغرى – Haa van het voornaamwoord – korte verlenging;
23;25;Page23-25.m4a;هاء الضمير – مد الصلة الصغرى – Haa van het voornaamwoord – korte verlenging;
23;26;Page23-26.m4a;هاء الضمير – مد الصلة الصغرى – Haa van het voornaamwoord – korte verlenging;
23;27;Page23-27.m4a;هاء الضمير – مد الصلة الصغرى – Haa van het voornaamwoord – korte verlenging;
23;28;Page23-28.m4a;هاء الضمير – مد الصلة الصغرى – Haa van het voornaamwoord – korte verlenging;
23;29;Page23-29.m4a;هاء الضمير – مد الصلة الصغرى – Haa van het voornaamwoord – korte verlenging;
23;30;Page23-30.m4a;هاء الضمير – مد الصلة الصغرى – Haa van het voornaamwoord – korte verlenging;
24;1;Page24-01.m4a;لفظ الجلالة – De naam Allah;
24;2;Page24-02.m4a;لفظ الجلالة – De naam Allah;
24;3;Page24-03.m4a;لفظ الجلالة – De naam Allah;
24;4;Page24-04.m4a;لفظ الجلالة – De naam Allah;
24;5;Page24-05.m4a;لفظ الجلالة – De naam Allah;
24;6;Page24-06.m4a;لفظ الجلالة – De naam Allah;
24;7;Page24-07.m4a;لفظ الجلالة – De naam Allah;
24;8;Page24-08.m4a;لفظ الجلالة – De naam Allah;
24;9;Page24-09.m4a;لفظ الجلالة – De naam Allah;
24;10;Page24-10.m4a;لفظ الجلالة – De naam Allah;
24;11;Page24-11.m4a;لفظ الجلالة – De naam Allah;
24;12;Page24-12.m4a;لفظ الجلالة – De naam Allah;
24;13;Page24-13.m4a;لفظ الجلالة – De naam Allah;
24;14;Page24-14.m4a;لفظ الجلالة – De naam Allah;
24;15;Page24-15.m4a;لفظ الجلالة – De naam Allah;
24;16;Page24-16.m4a;لفظ الجلالة – De naam Allah;
24;17;Page24-17.m4a;لفظ الجلالة – De naam Allah;
24;18;Page24-18.m4a;لفظ الجلالة – De naam Allah;
24;19;Page24-19.m4a;لفظ الجلالة – De naam Allah;
24;20;Page24-20.m4a;لفظ الجلالة – De naam Allah;
24;21;Page24-21.m4a;لفظ الجلالة – De naam Allah;
24;22;Page24-22.m4a;لفظ الجلالة – De naam Allah;
24;23;Page24-23.m4a;لفظ الجلالة – De naam Allah;
24;24;Page24-24.m4a;لفظ الجلالة – De naam Allah;
24;25;Page24-25.m4a;لفظ الجلالة – De naam Allah;
24;26;Page24-26.m4a;لفظ الجلالة – De naam Allah;
24;27;Page24-27.m4a;لفظ الجلالة – De naam Allah;
24;28;Page24-28.m4a;لفظ الجلالة – De naam Allah;
24;29;Page24-29.m4a;لفظ الجلالة – De naam Allah;
24;30;Page24-30.m4a;لفظ الجلالة – De naam Allah;
25;1;Page25-01.m4a;إشارة المد في المصحف – Het verlengingsteken in de mushaf;
25;2;Page25-02.m4a;إشارة المد في المصحف – Het verlengingsteken in de mushaf;
25;3;Page25-03.m4a;إشارة المد في المصحف – Het verlengingsteken in de mushaf;
25;4;Page25-04.m4a;إشارة المد في المصحف – Het verlengingsteken in de mushaf;
25;5;Page25-05.m4a;إشارة المد في المصحف – Het verlengingsteken in de mushaf;
25;6;Page25-06.m4a;إشارة المد في المصحف – Het verlengingsteken in de mushaf;
25;7;Page25-07.m4a;إشارة المد في المصحف – Het verlengingsteken in de mushaf;
25;8;Page25-08.m4a;إشارة المد في المصحف – Het verlengingsteken in de mushaf;
25;9;Page25-09.m4a;إشارة المد في المصحف – Het verlengingsteken in de mushaf;
25;10;Page25-10.m4a;إشارة المد في المصحف – Het verlengingsteken in de mushaf;
25;11;Page25-11.m4a;إشارة المد في المصحف – Het verlengingsteken in de mushaf;
25;12;Page25-12.m4a;إشارة المد في المصحف – Het verlengingsteken in de mushaf;
25;13;Page25-13.m4a;إشارة المد في المصحف – Het verlengingsteken in de mushaf;
25;14;Page25-14.m4a;إشارة المد في المصحف – Het verlengingsteken in de mushaf;
25;15;Page25-15.m4a;إشارة المد في المصحف – Het verlengingsteken in de mushaf;
25;16;Page25-16.m4a;إشارة المد في المصحف – Het verlengingsteken in de mushaf;
25;17;Page25-17.m4a;إشارة المد في المصحف – Het verlengingsteken in de mushaf;
25;18;Page25-18.m4a;إشارة المد في المصحف – Het verlengingsteken in de mushaf;
25;19;Page25-19.m4a;إشارة المد في المصحف – Het verlengingsteken in de mushaf;
25;20;Page25-20.m4a;إشارة المد في المصحف – Het verlengingsteken in de mushaf;
25;21;Page25-21.m4a;إشارة المد في المصحف – Het verlengingsteken in de mushaf;
25;22;Page25-22.m4a;إشارة المد في المصحف – Het verlengingsteken in de mushaf;
25;23;Page25-23.m4a;إشارة المد في المصحف – Het verlengingsteken in de mushaf;
25;24;Page25-24.m4a;إشارة المد في المصحف – Het verlengingsteken in de mushaf;
25;25;Page25-25.m4a;إشارة المد في المصحف – Het verlengingsteken in de mushaf;
25;26;Page25-26.m4a;إشارة المد في المصحف – Het verlengingsteken in de mushaf;
25;27;Page25-27.m4a;إشارة المد في المصحف – Het verlengingsteken in de mushaf;
25;28;Page25-28.m4a;إشارة المد في المصحف – Het verlengingsteken in de mushaf;
25;29;Page25-29.m4a;إشارة المد في المصحف – Het verlengingsteken in de mushaf;
25;30;Page25-30.m4a;إشارة المد في المصحف – Het verlengingsteken in de mushaf;
26;1;Page26-01.m4a;النون الساكنة والتنوين – الإظهار – Noen sakina en tanwien – izhaar;
26;2;Page26-02.m4a;النون الساكنة والتنوين – الإظهار – Noen sakina en tanwien – izhaar;
26;3;Page26-03.m4a;النون الساكنة والتنوين – الإظهار – Noen sakina en tanwien – izhaar;
26;4;Page26-04.m4a;النون الساكنة والتنوين – الإظهار – Noen sakina en tanwien – izhaar;
26;5;Page26-05.m4a;النون الساكنة والتنوين – الإظهار – Noen sakina en tanwien – izhaar;
26;6;Page26-06.m4a;النون الساكنة والتنوين – الإظهار – Noen sakina en tanwien – izhaar;
26;7;Page26-07.m4a;النون الساكنة والتنوين – الإظهار – Noen sakina en tanwien – izhaar;
26;8;Page26-08.m4a;النون الساكنة والتنوين – الإظهار – Noen sakina en tanwien – izhaar;
26;9;Page26-09.m4a;النون الساكنة والتنوين – الإظهار – Noen sakina en tanwien – izhaar;
26;10;Page26-10.m4a;النون الساكنة والتنوين – الإظهار – Noen sakina en tanwien – izhaar;
26;11;Page26-11.m4a;النون الساكنة والتنوين – الإظهار – Noen sakina en tanwien – izhaar;
26;12;Page26-12.m4a;النون الساكنة والتنوين – الإظهار – Noen sakina en tanwien – izhaar;
26;13;Page26-13.m4a;النون الساكنة والتنوين – الإظهار – Noen sakina en tanwien – izhaar;
26;14;Page26-14.m4a;النون الساكنة والتنوين – الإظهار – Noen sakina en tanwien – izhaar;
26;15;Page26-15.m4a;النون الساكنة والتنوين – الإظهار – Noen sakina en tanwien – izhaar;
26;16;Page26-16.m4a;النون الساكنة والتنوين – الإظهار – Noen sakina en tanwien – izhaar;
26;17;Page26-17.m4a;النون الساكنة والتنوين – الإظهار – Noen sakina en tanwien – izhaar;
26;18;Page26-18.m4a;النون الساكنة والتنوين – الإظهار – Noen sakina en tanwien – izhaar;
26;19;Page26-19.m4a;النون الساكنة والتنوين – الإظهار – Noen sakina en tanwien – izhaar;
26;20;Page26-20.m4a;النون الساكنة والتنوين – الإظهار – Noen sakina en tanwien – izhaar;
26;21;Page26-21.m4a;النون الساكنة والتنوين – الإظهار – Noen sakina en tanwien – izhaar;
26;22;Page26-22.m4a;النون الساكنة والتنوين – الإظهار – Noen sakina en tanwien – izhaar;
26;23;Page26-23.m4a;النون الساكنة والتنوين – الإظهار – Noen sakina en tanwien – izhaar;
26;24;Page26-24.m4a;النون الساكنة والتنوين – الإظهار – Noen sakina en tanwien – izhaar;
26;25;Page26-25.m4a;النون الساكنة والتنوين – الإظهار – Noen sakina en tanwien – izhaar;
26;26;Page26-26.m4a;النون الساكنة والتنوين – الإظهار – Noen sakina en tanwien – izhaar;
26;27;Page26-27.m4a;النون الساكنة والتنوين – الإظهار – Noen sakina en tanwien – izhaar;
26;28;Page26-28.m4a;النون الساكنة والتنوين – الإظهار – Noen sakina en tanwien – izhaar;
26;29;Page26-29.m4a;النون الساكنة والتنوين – الإظهار – Noen sakina en tanwien – izhaar;
26;30;Page26-30.m4a;النون الساكنة والتنوين – الإظهار – Noen sakina en tanwien – izhaar;
28;1;Page28-01.m4a;النون الساكنة والتنوين – الإقلاب – Noen sakina en tanwien – iqlaab;
28;2;Page28-02.m4a;النون الساكنة والتنوين – الإقلاب – Noen sakina en tanwien – iqlaab;
28;3;Page28-03.m4a;النون الساكنة والتنوين – الإقلاب – Noen sakina en tanwien – iqlaab;
28;4;Page28-04.m4a;النون الساكنة والتنوين – الإقلاب – Noen sakina en tanwien – iqlaab;
28;5;Page28-05.m4a;النون الساكنة والتنوين – الإقلاب – Noen sakina en tanwien – iqlaab;
28;6;Page28-06.m4a;النون الساكنة والتنوين – الإقلاب – Noen sakina en tanwien – iqlaab;
28;7;Page28-07.m4a;النون الساكنة والتنوين – الإقلاب – Noen sakina en tanwien – iqlaab;
28;8;Page28-08.m4a;النون الساكنة والتنوين – الإقلاب – Noen sakina en tanwien – iqlaab;
28;9;Page28-09.m4a;النون الساكنة والتنوين – الإقلاب – Noen sakina en tanwien – iqlaab;
28;10;Page28-10.m4a;النون الساكنة والتنوين – الإقلاب – Noen sakina en tanwien – iqlaab;
28;11;Page28-11.m4a;النون الساكنة والتنوين – الإقلاب – Noen sakina en tanwien – iqlaab;
28;12;Page28-12.m4a;النون الساكنة والتنوين – الإقلاب – Noen sakina en tanwien – iqlaab;
28;13;Page28-13.m4a;النون الساكنة والتنوين – الإقلاب – Noen sakina en tanwien – iqlaab;
28;14;Page28-14.m4a;النون الساكنة والتنوين – الإقلاب – Noen sakina en tanwien – iqlaab;
28;15;Page28-15.m4a;النون الساكنة والتنوين – الإقلاب – Noen sakina en tanwien – iqlaab;
28;16;Page28-16.m4a;النون الساكنة والتنوين – الإقلاب – Noen sakina en tanwien – iqlaab;
28;17;Page28-17.m4a;النون الساكنة والتنوين – الإقلاب – Noen sakina en tanwien – iqlaab;
28;18;Page28-18.m4a;النون الساكنة والتنوين – الإقلاب – Noen sakina en tanwien – iqlaab;
28;19;Page28-19.m4a;النون الساكنة والتنوين – الإقلاب – Noen sakina en tanwien – iqlaab;
28;20;Page28-20.m4a;النون الساكنة والتنوين – الإقلاب – Noen sakina en tanwien – iqlaab;
28;21;Page28-21.m4a;النون الساكنة والتنوين – الإقلاب – Noen sakina en tanwien – iqlaab;
28;22;Page28-22.m4a;النون الساكنة والتنوين – الإقلاب – Noen sakina en tanwien – iqlaab;
28;23;Page28-23.m4a;النون الساكنة والتنوين – الإقلاب – Noen sakina en tanwien – iqlaab;
28;24;Page28-24.m4a;النون الساكنة والتنوين – الإقلاب – Noen sakina en tanwien – iqlaab;
28;25;Page28-25.m4a;النون الساكنة والتنوين – الإقلاب – Noen sakina en tanwien – iqlaab;
28;26;Page28-26.m4a;النون الساكنة والتنوين – الإقلاب – Noen sakina en tanwien – iqlaab;
28;27;Page28-27.m4a;النون الساكنة والتنوين – الإقلاب – Noen sakina en tanwien – iqlaab;
28;28;Page28-28.m4a;النون الساكنة والتنوين – الإقلاب – Noen sakina en tanwien – iqlaab;
28;29;Page28-29.m4a;النون الساكنة والتنوين – الإقلاب – Noen sakina en tanwien – iqlaab;
28;30;Page28-30.m4a;النون الساكنة والتنوين – الإقلاب – Noen sakina en tanwien – iqlaab;
29;1;Page29-01.m4a;همزة الوصل – Hamzat al-wasl;
29;2;Page29-02.m4a;همزة الوصل – Hamzat al-wasl;
29;3;Page29-03.m4a;همزة الوصل – Hamzat al-wasl;
29;4;Page29-04.m4a;همزة الوصل – Hamzat al-wasl;
29;5;Page29-05.m4a;همزة الوصل – Hamzat al-wasl;
29;6;Page29-06.m4a;همزة الوصل – Hamzat al-wasl;
29;7;Page29-07.m4a;همزة الوصل – Hamzat al-wasl;
29;8;Page29-08.m4a;همزة الوصل – Hamzat al-wasl;
29;9;Page29-09.m4a;همزة الوصل – Hamzat al-wasl;
29;10;Page29-10.m4a;همزة الوصل – Hamzat al-wasl;
29;11;Page29-11.m4a;همزة الوصل – Hamzat al-wasl;
29;12;Page29-12.m4a;همزة الوصل – Hamzat al-wasl;
29;13;Page29-13.m4a;همزة الوصل – Hamzat al-wasl;
29;14;Page29-14.m4a;همزة الوصل – Hamzat al-wasl;
29;15;Page29-15.m4a;همزة الوصل – Hamzat al-wasl;
29;16;Page29-16.m4a;همزة الوصل – Hamzat al-wasl;
29;17;Page29-17.m4a;همزة الوصل – Hamzat al-wasl;
29;18;Page29-18.m4a;همزة الوصل – Hamzat al-wasl;
29;19;Page29-19.m4a;همزة الوصل – Hamzat al-wasl;
29;20;Page29-20.m4a;همزة الوصل – Hamzat al-wasl;
29;21;Page29-21.m4a;همزة الوصل – Hamzat al-wasl;
29;22;Page29-22.m4a;همزة الوصل – Hamzat al-wasl;
29;23;Page29-23.m4a;همزة الوصل – Hamzat al-wasl;
29;24;Page29-24.m4a;همزة الوصل – Hamzat al-wasl;
29;25;Page29-25.m4a;همزة الوصل – Hamzat al-wasl;
29;26;Page29-26.m4a;همزة الوصل – Hamzat al-wasl;
29;27;Page29-27.m4a;همزة الوصل – Hamzat al-wasl;
29;28;Page29-28.m4a;همزة الوصل – Hamzat al-wasl;
29;29;Page29-29.m4a;همزة الوصل – Hamzat al-wasl;
29;30;Page29-30.m4a;همزة الوصل – Hamzat al-wasl;
30;1;Page30-01.m4a;السكون المدور وألف التفريق – Ronde soekoen en scheidings-alif;
30;2;Page30-02.m4a;السكون المدور وألف التفريق – Ronde soekoen en scheidings-alif;
30;3;Page30-03.m4a;السكون المدور وألف التفريق – Ronde soekoen en scheidings-alif;
30;4;Page30-04.m4a;السكون المدور وألف التفريق – Ronde soekoen en scheidings-alif;
30;5;Page30-05.m4a;السكون المدور وألف التفريق – Ronde soekoen en scheidings-alif;
30;6;Page30-06.m4a;السكون المدور وألف التفريق – Ronde soekoen en scheidings-alif;
30;7;Page30-07.m4a;السكون المدور وألف التفريق – Ronde soekoen en scheidings-alif;
30;8;Page30-08.m4a;السكون المدور وألف التفريق – Ronde soekoen en scheidings-alif;
30;9;Page30-09.m4a;السكون المدور وألف التفريق – Ronde soekoen en scheidings-alif;
30;10;Page30-10.m4a;السكون المدور وألف التفريق – Ronde soekoen en scheidings-alif;
30;11;Page30-11.m4a;السكون المدور وألف التفريق – Ronde soekoen en scheidings-alif;
30;12;Page30-12.m4a;السكون المدور وألف التفريق – Ronde soekoen en scheidings-alif;
30;13;Page30-13.m4a;السكون المدور وألف التفريق – Ronde soekoen en scheidings-alif;
30;14;Page30-14.m4a;السكون المدور وألف التفريق – Ronde soekoen en scheidings-alif;
30;15;Page30-15.m4a;السكون المدور وألف التفريق – Ronde soekoen en scheidings-alif;
30;16;Page30-16.m4a;السكون المدور وألف التفريق – Ronde soekoen en scheidings-alif;
30;17;Page30-17.m4a;السكون المدور وألف التفريق – Ronde soekoen en scheidings-alif;
30;18;Page30-18.m4a;السكون المدور وألف التفريق – Ronde soekoen en scheidings-alif;
30;19;Page30-19.m4a;السكون المدور وألف التفريق – Ronde soekoen en scheidings-alif;
30;20;Page30-20.m4a;السكون المدور وألف التفريق – Ronde soekoen en scheidings-alif;
30;21;Page30-21.m4a;السكون المدور وألف التفريق – Ronde soekoen en scheidings-alif;
30;22;Page30-22.m4a;السكون المدور وألف التفريق – Ronde soekoen en scheidings-alif;
30;23;Page30-23.m4a;السكون المدور وألف التفريق – Ronde soekoen en scheidings-alif;
30;24;Page30-24.m4a;السكون المدور وألف التفريق – Ronde soekoen en scheidings-alif;
30;25;Page30-25.m4a;السكون المدور وألف التفريق – Ronde soekoen en scheidings-alif;
30;26;Page30-26.m4a;السكون المدور وألف التفريق – Ronde soekoen en scheidings-alif;
30;27;Page30-27.m4a;السكون المدور وألف التفريق – Ronde soekoen en scheidings-alif;
30;28;Page30-28.m4a;السكون المدور وألف التفريق – Ronde soekoen en scheidings-alif;
30;29;Page30-29.m4a;السكون المدور وألف التفريق – Ronde soekoen en scheidings-alif;
30;30;Page30-30.m4a;السكون المدور وألف التفريق – Ronde soekoen en scheidings-alif;
31;1;Page31-01.m4a;الحروف المقطعة – De losse letters aan het begin van soera's;
31;2;Page31-02.m4a;الحروف المقطعة – De losse letters aan het begin van soera's;
31;3;Page31-03.m4a;الحروف المقطعة – De losse letters aan het begin van soera's;
31;4;Page31-04.m4a;الحروف المقطعة – De losse letters aan het begin van soera's;
31;5;Page31-05.m4a;الحروف المقطعة – De losse letters aan het begin van soera's;
31;6;Page31-06.m4a;الحروف المقطعة – De losse letters aan het begin van soera's;
31;7;Page31-07.m4a;الحروف المقطعة – De losse letters aan het begin van soera's;
31;8;Page31-08.m4a;الحروف المقطعة – De losse letters aan het begin van soera's;
31;9;Page31-09.m4a;الحروف المقطعة – De losse letters aan het begin van soera's;
31;10;Page31-10.m4a;الحروف المقطعة – De losse letters aan het begin van soera's;
31;11;Page31-11.m4a;الحروف المقطعة – De losse letters aan het begin van soera's;
31;12;Page31-12.m4a;الحروف المقطعة – De losse letters aan het begin van soera's;
31;13;Page31-13.m4a;الحروف المقطعة – De losse letters aan het begin van soera's;
31;14;Page31-14.m4a;الحروف المقطعة – De losse letters aan het begin van soera's;
32;1;Page32-01.m4a;اللام القمرية – De maan-lam (al-qamariyya);
32;2;Page32-02.m4a;اللام القمرية – De maan-lam (al-qamariyya);
32;3;Page32-03.m4a;اللام القمرية – De maan-lam (al-qamariyya);
32;4;Page32-04.m4a;اللام القمرية – De maan-lam (al-qamariyya);
32;5;Page32-05.m4a;اللام القمرية – De maan-lam (al-qamariyya);
32;6;Page32-06.m4a;اللام القمرية – De maan-lam (al-qamariyya);
32;7;Page32-07.m4a;اللام القمرية – De maan-lam (al-qamariyya);
32;8;Page32-08.m4a;اللام القمرية – De maan-lam (al-qamariyya);
32;9;Page32-09.m4a;اللام القمرية – De maan-lam (al-qamariyya);
32;10;Page32-10.m4a;اللام القمرية – De maan-lam (al-qamariyya);
32;11;Page32-11.m4a;اللام القمرية – De maan-lam (al-qamariyya);
32;12;Page32-12.m4a;اللام القمرية – De maan-lam (al-qamariyya);
32;13;Page32-13.m4a;اللام القمرية – De maan-lam (al-qamariyya);
32;14;Page32-14.m4a;اللام القمرية – De maan-lam (al-qamariyya);
32;15;Page32-15.m4a;اللام القمرية – De maan-lam (al-qamariyya);
32;16;Page32-16.m4a;اللام القمرية – De maan-lam (al-qamariyya);
32;17;Page32-17.m4a;اللام القمرية – De maan-lam (al-qamariyya);
32;18;Page32-18.m4a;اللام القمرية – De maan-lam (al-qamariyya);
32;19;Page32-19.m4a;اللام القمرية – De maan-lam (al-qamariyya);
32;20;Page32-20.m4a;اللام القمرية – De maan-lam (al-qamariyya);
32;21;Page32-21.m4a;اللام القمرية – De maan-lam (al-qamariyya);
32;22;Page32-22.m4a;اللام القمرية – De maan-lam (al-qamariyya);
32;23;Page32-23.m4a;اللام القمرية – De maan-lam (al-qamariyya);
32;24;Page32-24.m4a;اللام القمرية – De maan-lam (al-qamariyya);
32;25;Page32-25.m4a;اللام القمرية – De maan-lam (al-qamariyya);
32;26;Page32-26.m4a;اللام القمرية – De maan-lam (al-qamariyya);
32;27;Page32-27.m4a;اللام القمرية – De maan-lam (al-qamariyya);
32;28;Page32-28.m4a;اللام القمرية – De maan-lam (al-qamariyya);
32;29;Page32-29.m4a;اللام القمرية – De maan-lam (al-qamariyya);
32;30;Page32-30.m4a;اللام القمرية – De maan-lam (al-qamariyya);
33;1;Page33-01.m4a;اللام الشمسية – De zon-lam (ash-shamsiyya);
33;2;Page33-02.m4a;اللام الشمسية – De zon-lam (ash-shamsiyya);
33;3;Page33-03.m4a;اللام الشمسية – De zon-lam (ash-shamsiyya);
33;4;Page33-04.m4a;اللام الشمسية – De zon-lam (ash-shamsiyya);
33;5;Page33-05.m4a;اللام الشمسية – De zon-lam (ash-shamsiyya);
33;6;Page33-06.m4a;اللام الشمسية – De zon-lam (ash-shamsiyya);
33;7;Page33-07.m4a;اللام الشمسية – De zon-lam (ash-shamsiyya);
33;8;Page33-08.m4a;اللام الشمسية – De zon-lam (ash-shamsiyya);
33;9;Page33-09.m4a;اللام الشمسية – De zon-lam (ash-shamsiyya);
33;10;Page33-10.m4a;اللام الشمسية – De zon-lam (ash-shamsiyya);
33;11;Page33-11.m4a;اللام الشمسية – De zon-lam (ash-shamsiyya);
33;12;Page33-12.m4a;اللام الشمسية – De zon-lam (ash-shamsiyya);
33;13;Page33-13.m4a;اللام الشمسية – De zon-lam (ash-shamsiyya);
33;14;Page33-14.m4a;اللام الشمسية – De zon-lam (ash-shamsiyya);
33;15;Page33-15.m4a;اللام الشمسية – De zon-lam (ash-shamsiyya);
33;16;Page33-16.m4a;اللام الشمسية – De zon-lam (ash-shamsiyya);
33;17;Page33-17.m4a;اللام الشمسية – De zon-lam (ash-shamsiyya);
33;18;Page33-18.m4a;اللام الشمسية – De zon-lam (ash-shamsiyya);
33;19;Page33-19.m4a;اللام الشمسية – De zon-lam (ash-shamsiyya);
33;20;Page33-20.m4a;اللام الشمسية – De zon-lam (ash-shamsiyya);
33;21;Page33-21.m4a;اللام الشمسية – De zon-lam (ash-shamsiyya);
33;22;Page33-22.m4a;اللام الشمسية – De zon-lam (ash-shamsiyya);
33;23;Page33-23.m4a;اللام الشمسية – De zon-lam (ash-shamsiyya);
33;24;Page33-24.m4a;اللام الشمسية – De zon-lam (ash-shamsiyya);
33;25;Page33-25.m4a;اللام الشمسية – De zon-lam (ash-shamsiyya);
33;26;Page33-26.m4a;اللام الشمسية – De zon-lam (ash-shamsiyya);
33;27;Page33-27.m4a;اللام الشمسية – De zon-lam (ash-shamsiyya);
33;28;Page33-28.m4a;اللام الشمسية – De zon-lam (ash-shamsiyya);
33;29;Page33-29.m4a;اللام الشمسية – De zon-lam (ash-shamsiyya);
33;30;Page33-30.m4a;اللام الشمسية – De zon-lam (ash-shamsiyya);
36;1;Page36-01.m4a;أمثلة على الشدتين في كلمة – Twee keer shadda in één woord;
36;2;Page36-02.m4a;أمثلة على الشدتين في كلمة – Twee keer shadda in één woord;
36;3;Page36-03.m4a;أمثلة على الشدتين في كلمة – Twee keer shadda in één woord;
36;4;Page36-04.m4a;أمثلة على الشدتين في كلمة – Twee keer shadda in één woord;
36;5;Page36-05.m4a;أمثلة على الشدتين في كلمة – Twee keer shadda in één woord;
36;6;Page36-06.m4a;أمثلة على الشدتين في كلمة – Twee keer shadda in één woord;
36;7;Page36-07.m4a;أمثلة على الشدتين في كلمة – Twee keer shadda in één woord;
36;8;Page36-08.m4a;أمثلة على الشدتين في كلمة – Twee keer shadda in één woord;
36;9;Page36-09.m4a;أمثلة على الشدتين في كلمة – Twee keer shadda in één woord;
36;10;Page36-10.m4a;أمثلة على الشدتين في كلمة – Twee keer shadda in één woord;
36;11;Page36-11.m4a;أمثلة على الشدتين في كلمة – Twee keer shadda in één woord;
36;12;Page36-12.m4a;أمثلة على الشدتين في كلمة – Twee keer shadda in één woord;
36;13;Page36-13.m4a;أمثلة على الشدتين في كلمة – Twee keer shadda in één woord;
36;14;Page36-14.m4a;أمثلة على الشدتين في كلمة – Twee keer shadda in één woord;
36;15;Page36-15.m4a;أمثلة على الشدتين في كلمة – Twee keer shadda in één woord;
36;16;Page36-16.m4a;أمثلة على الشدتين في كلمة – Twee keer shadda in één woord;
36;17;Page36-17.m4a;أمثلة على الشدتين في كلمة – Twee keer shadda in één woord;
36;18;Page36-18.m4a;أمثلة على الشدتين في كلمة – Twee keer shadda in één woord;
36;19;Page36-19.m4a;أمثلة على الشدتين في كلمة – Twee keer shadda in één woord;
36;20;Page36-20.m4a;أمثلة على الشدتين في كلمة – Twee keer shadda in één woord;
36;21;Page36-21.m4a;أمثلة على الشدتين في كلمة – Twee keer shadda in één woord;
36;22;Page36-22.m4a;أمثلة على الشدتين في كلمة – Twee keer shadda in één woord;
36;23;Page36-23.m4a;أمثلة على الشدتين في كلمة – Twee keer shadda in één woord;
36;24;Page36-24.m4a;أمثلة على الشدتين في كلمة – Twee keer shadda in één woord;
36;25;Page36-25.m4a;أمثلة على الشدتين في كلمة – Twee keer shadda in één woord;
36;26;Page36-26.m4a;أمثلة على الشدتين في كلمة – Twee keer shadda in één woord;
36;27;Page36-27.m4a;أمثلة على الشدتين في كلمة – Twee keer shadda in één woord;
36;28;Page36-28.m4a;أمثلة على الشدتين في كلمة – Twee keer shadda in één woord;
36;29;Page36-29.m4a;أمثلة على الشدتين في كلمة – Twee keer shadda in één woord;
36;30;Page36-30.m4a;أمثلة على الشدتين في كلمة – Twee keer shadda in één woord;
